username,password_hash
admin,8a759da2972cd150aa161208f67038e304fd6153af845837b8fd90b9651b18a3f3be11e91e49c4d7cc24b8346658d435d1617aa6cdb68d36ae63602da57a2434
risk_manager,836edee9c96db46b078683dc4151cba5dd71e4f42c49d56b27b5bdd458db945f678e79cfe7fe1eb1fcd9b2c045296b783865cc1d5b66afaa9db4d4365db70e77
developer,44726af90b666d17d4a1b005964d3a7a4f22d0e1d380c5a7c23f232de4c9f55d8ecf14beab3e2d7bdb8f67b38387cb5221931c23cd2acba7cf873bec737c4855
analyst_user,76ad43c45590318b28bac3bbbfdb636846de67fab2fedd0cd6622304e1c4c8992887f95632b1f1aeb6964a049b56c59a091ea2b7049cf19fa3ab6a6e4d1d4afd
auditor_sec,12ac7e25d5c25f3a835fae9c9302f597650e1be82ed54f7d948c19a90d663cc136b789a4dfae1b6fb89e56ad637603f6866c3980b3e2705cd0c6bc1197e80747
sec_officer,937fedf6572882d6897be75ac577f9a4eb70ee183724126e820fc5d15cf993c0b6b6a544f740fa68ea05b258e38314f86d40cf5a07c0017d23f4f131b23e43eb
net_admin,3ce3fd711d1dd274b58d0d7725107ea7e344196d29a363e6f94d721e1cb14463ef27ba071aa25c7473a66dea88dd09360cceea33a8971f750f5fe640636b802c
db_operator,4efe5c19edcc2f08aeb043a76939122f6c58c7f78b6428a147d38c09c1eeee0e8177ce753d42fc3826e325813906bba45403912603ec6b7726c44c3868f8e530
support_tech,be3b8704cb51f0b8c4e9bbc7261fd321cdb2cdaf23b7f05e57cf34f2efff7376a0f1b16555af8c9ac117574658da5288041839a68d0aec8dac40724489c4693e
guest_user,6673fca74f7e287d4b020e033c62abba8c74a334ab80c9ba74a1003802c985d4698ad4791323b949a85dfa73c64f445dc4481cca512eee03c7ef07bebba1daf9
